"state","indicator","item","Unit","Date","Value"
"Nigeria","Population of Nigeria","Male","Persons","1991","44529608"
"Nigeria","Population of Nigeria","Male","Persons","2006","71345488"
"Nigeria","Population of Nigeria","Female","Persons","1991","44462612"
"Nigeria","Population of Nigeria","Female","Persons","2006","69086302"
"Nigeria","Population of Nigeria","Total","Persons","1991","88992201"
"Nigeria","Population of Nigeria","Total","Persons","2006","140431790"
"Nigeria","Population of Nigeria","Total","Persons","2007","144998281"
"Nigeria","Population of Nigeria","Total","Persons","2008","149713264"
"Nigeria","Population of Nigeria","Total","Persons","2009","154581566"
"Nigeria","Population of Nigeria","Total","Persons","2010","159608173"
"Nigeria","Population of Nigeria","Total","Persons","2011","164798232"
"Nigeria","Population of Nigeria","Total","Persons","2012","170157060"
"Nigeria","Population of Nigeria","Total","Persons","2013","175690143"
"Nigeria","Population of Nigeria","Total","Persons","2014","181403148"
"Nigeria","Population of Nigeria","Total","Persons","2015","187301926"
"Nigeria","Population of Nigeria","Total","Persons","2016","193392517"
"Nigeria","Female","Male","Persons","1991","44462612"
"Nigeria","Sex Ratio (%)","Male","%","1991","100.15"
"Nigeria","Male","Male","Persons","1991","44529608"
"Nigeria","Projected Population of Nigeria","Male","Persons","2007","73628544"
"Nigeria","Projected Population of Nigeria","Male","Persons","2008","75984657"
"Nigeria","Projected Population of Nigeria","Male","Persons","2009","78416166"
"Nigeria","Projected Population of Nigeria","Female","Persons","2007","71297064"
"Nigeria","Projected Population of Nigeria","Female","Persons","2008","73578570"
"Nigeria","Projected Population of Nigeria","Female","Persons","2009","75933084"
"Nigeria","Projected Population of Nigeria","Total","Persons","2007","144925607"
"Nigeria","Projected Population of Nigeria","Total","Persons","2008","149563227"
"Nigeria","Projected Population of Nigeria","Total","Persons","2009","154349250"
"Nigeria","Male","Total","Persons","2006","71345488"
"Nigeria","Female","Total","Persons","2006","69086302"
"Nigeria","Total","Male","%","1991","93.2"
"Abuja","Population of Nigeria","Male","Persons","1991","205299"
"Abuja","Population of Nigeria","Male","Persons","2006","733172"
"Abuja","Population of Nigeria","Female","Persons","1991","166375"
"Abuja","Population of Nigeria","Female","Persons","2006","673067"
"Abuja","Population of Nigeria","Total","Persons","1991","371674"
"Abuja","Population of Nigeria","Total","Persons","2006","1406239"
"Abuja","Population of Nigeria","Total","Persons","2007","1543293"
"Abuja","Population of Nigeria","Total","Persons","2008","1693706"
"Abuja","Population of Nigeria","Total","Persons","2009","1858777"
"Abuja","Population of Nigeria","Total","Persons","2010","2039937"
"Abuja","Population of Nigeria","Total","Persons","2011","2238752"
"Abuja","Population of Nigeria","Total","Persons","2012","2456945"
"Abuja","Population of Nigeria","Total","Persons","2013","2696403"
"Abuja","Population of Nigeria","Total","Persons","2014","2959199"
"Abuja","Population of Nigeria","Total","Persons","2015","3247608"
"Abuja","Population of Nigeria","Total","Persons","2016","3564126"
"Abuja","Female","Male","Persons","1991","166375"
"Abuja","Sex Ratio (%)","Male","%","1991","123.4"
"Abuja","Male","Male","Persons","1991","205299"
"Abuja","Projected Population of Nigeria","Male","Persons","2007","801357"
"Abuja","Projected Population of Nigeria","Male","Persons","2008","875883"
"Abuja","Projected Population of Nigeria","Male","Persons","2009","957340"
"Abuja","Projected Population of Nigeria","Female","Persons","2007","735662"
"Abuja","Projected Population of Nigeria","Female","Persons","2008","804079"
"Abuja","Projected Population of Nigeria","Female","Persons","2009","878858"
"Abuja","Projected Population of Nigeria","Total","Persons","2007","1537019"
"Abuja","Projected Population of Nigeria","Total","Persons","2008","1679962"
"Abuja","Projected Population of Nigeria","Total","Persons","2009","1836198"
"Abuja","Total","Male","%","1991","74.6"
"Abia","Population of Nigeria","Male","Persons","1991","1125999"
"Abia","Population of Nigeria","Male","Persons","2006","1430298"
"Abia","Population of Nigeria","Female","Persons","1991","1212488"
"Abia","Population of Nigeria","Female","Persons","2006","1415082"
"Abia","Population of Nigeria","Total","Persons","1991","2338487"
"Abia","Population of Nigeria","Total","Persons","2006","2845380"
"Abia","Population of Nigeria","Total","Persons","2007","2923252"
"Abia","Population of Nigeria","Total","Persons","2008","3003255"
"Abia","Population of Nigeria","Total","Persons","2009","3085447"
"Abia","Population of Nigeria","Total","Persons","2010","3169889"
"Abia","Population of Nigeria","Total","Persons","2011","3256642"
"Abia","Population of Nigeria","Total","Persons","2012","3345769"
"Abia","Population of Nigeria","Total","Persons","2013","3437336"
"Abia","Population of Nigeria","Total","Persons","2014","3531408"
"Abia","Population of Nigeria","Total","Persons","2015","3628055"
"Abia","Population of Nigeria","Total","Persons","2016","3727347"
"Abia","Female","Male","Persons","1991","1212488"
"Abia","Sex Ratio (%)","Male","%","1991","92.87"
"Abia","Male","Male","Persons","1991","1125999"
"Abia","Projected Population of Nigeria","Male","Persons","2007","1468916"
"Abia","Projected Population of Nigeria","Male","Persons","2008","1508577"
"Abia","Projected Population of Nigeria","Male","Persons","2009","1549308"
"Abia","Projected Population of Nigeria","Female","Persons","2007","1453289"
"Abia","Projected Population of Nigeria","Female","Persons","2008","1492528"
"Abia","Projected Population of Nigeria","Female","Persons","2009","1532826"
"Abia","Projected Population of Nigeria","Total","Persons","2007","2922205"
"Abia","Projected Population of Nigeria","Total","Persons","2008","3001105"
"Abia","Projected Population of Nigeria","Total","Persons","2009","3082135"
"Abia","Total","Male","%","1991","96.8"
"Adamawa","Population of Nigeria","Male","Persons","1991","1050791"
"Adamawa","Population of Nigeria","Male","Persons","2006","1607270"
"Adamawa","Population of Nigeria","Female","Persons","1991","1051262"
"Adamawa","Population of Nigeria","Female","Persons","2006","1571680"
"Adamawa","Population of Nigeria","Total","Persons","1991","2102053"
"Adamawa","Population of Nigeria","Total","Persons","2006","3178950"
"Adamawa","Population of Nigeria","Total","Persons","2007","3272489"
"Adamawa","Population of Nigeria","Total","Persons","2008","3368781"
"Adamawa","Population of Nigeria","Total","Persons","2009","3467906"
"Adamawa","Population of Nigeria","Total","Persons","2010","3569948"
"Adamawa","Population of Nigeria","Total","Persons","2011","3674992"
"Adamawa","Population of Nigeria","Total","Persons","2012","3783127"
"Adamawa","Population of Nigeria","Total","Persons","2013","3894444"
"Adamawa","Population of Nigeria","Total","Persons","2014","4009037"
"Adamawa","Population of Nigeria","Total","Persons","2015","4127001"
"Adamawa","Population of Nigeria","Total","Persons","2016","4248436"
"Adamawa","Female","Male","Persons","1991","1051262"
"Adamawa","Sex Ratio (%)","Male","%","1991","99.96"
"Adamawa","Male","Male","Persons","1991","1050791"
"Adamawa","Projected Population of Nigeria","Male","Persons","2007","1653881"
"Adamawa","Projected Population of Nigeria","Male","Persons","2008","1701843"
"Adamawa","Projected Population of Nigeria","Male","Persons","2009","1751197"
"Adamawa","Projected Population of Nigeria","Female","Persons","2007","1617259"
"Adamawa","Projected Population of Nigeria","Female","Persons","2008","1664159"
"Adamawa","Projected Population of Nigeria","Female","Persons","2009","1712420"
"Adamawa","Projected Population of Nigeria","Total","Persons","2007","3271140"
"Adamawa","Projected Population of Nigeria","Total","Persons","2008","3366003"
"Adamawa","Projected Population of Nigeria","Total","Persons","2009","3463617"
"Adamawa","Total","Male","%","1991","94.3"
"Akwa Ibom","Population of Nigeria","Male","Persons","1991","1167829"
"Akwa Ibom","Population of Nigeria","Male","Persons","2006","1983202"
"Akwa Ibom","Population of Nigeria","Female","Persons","1991","1241784"
"Akwa Ibom","Population of Nigeria","Female","Persons","2006","1918849"
"Akwa Ibom","Population of Nigeria","Total","Persons","1991","2409613"
"Akwa Ibom","Population of Nigeria","Total","Persons","2006","3902051"
"Akwa Ibom","Population of Nigeria","Total","Persons","2007","4037002"
"Akwa Ibom","Population of Nigeria","Total","Persons","2008","4176620"
"Akwa Ibom","Population of Nigeria","Total","Persons","2009","4321067"
"Akwa Ibom","Population of Nigeria","Total","Persons","2010","4470509"
"Akwa Ibom","Population of Nigeria","Total","Persons","2011","4625120"
"Akwa Ibom","Population of Nigeria","Total","Persons","2012","4785078"
"Akwa Ibom","Population of Nigeria","Total","Persons","2013","4950568"
"Akwa Ibom","Population of Nigeria","Total","Persons","2014","5121781"
"Akwa Ibom","Population of Nigeria","Total","Persons","2015","5298916"
"Akwa Ibom","Population of Nigeria","Total","Persons","2016","5482177"
"Akwa Ibom","Female","Male","Persons","1991","1241784"
"Akwa Ibom","Sex Ratio (%)","Male","%","1991","94.04"
"Akwa Ibom","Male","Male","Persons","1991","1167829"
"Akwa Ibom","Projected Population of Nigeria","Male","Persons","2007","2050631"
"Akwa Ibom","Projected Population of Nigeria","Male","Persons","2008","2120352"
"Akwa Ibom","Projected Population of Nigeria","Male","Persons","2009","2192444"
"Akwa Ibom","Projected Population of Nigeria","Female","Persons","2007","1984090"
"Akwa Ibom","Projected Population of Nigeria","Female","Persons","2008","2051549"
"Akwa Ibom","Projected Population of Nigeria","Female","Persons","2009","2121302"
"Akwa Ibom","Projected Population of Nigeria","Total","Persons","2007","4034721"
"Akwa Ibom","Projected Population of Nigeria","Total","Persons","2008","4171901"
"Akwa Ibom","Projected Population of Nigeria","Total","Persons","2009","4313746"
"Akwa Ibom","Total","Male","%","1991","106.9"
"Anambra","Population of Nigeria","Male","Persons","1991","1374671"
"Anambra","Population of Nigeria","Male","Persons","2006","2117984"
"Anambra","Population of Nigeria","Female","Persons","1991","1421804"
"Anambra","Population of Nigeria","Female","Persons","2006","2059844"
"Anambra","Population of Nigeria","Total","Persons","1991","2796475"
"Anambra","Population of Nigeria","Total","Persons","2006","4177828"
"Anambra","Population of Nigeria","Total","Persons","2007","4296460"
"Anambra","Population of Nigeria","Total","Persons","2008","4418461"
"Anambra","Population of Nigeria","Total","Persons","2009","4543926"
"Anambra","Population of Nigeria","Total","Persons","2010","4672954"
"Anambra","Population of Nigeria","Total","Persons","2011","4805646"
"Anambra","Population of Nigeria","Total","Persons","2012","4942106"
"Anambra","Population of Nigeria","Total","Persons","2013","5082440"
"Anambra","Population of Nigeria","Total","Persons","2014","5226760"
"Anambra","Population of Nigeria","Total","Persons","2015","5375177"
"Anambra","Population of Nigeria","Total","Persons","2016","5527809"
"Anambra","Female","Male","Persons","1991","1421804"
"Anambra","Sex Ratio (%)","Male","%","1991","96.68"
"Anambra","Male","Male","Persons","1991","1374671"
"Anambra","Projected Population of Nigeria","Male","Persons","2007","2177288"
"Anambra","Projected Population of Nigeria","Male","Persons","2008","2238252"
"Anambra","Projected Population of Nigeria","Male","Persons","2009","2300923"
"Anambra","Projected Population of Nigeria","Female","Persons","2007","2117520"
"Anambra","Projected Population of Nigeria","Female","Persons","2008","2176810"
"Anambra","Projected Population of Nigeria","Female","Persons","2009","2237761"
"Anambra","Projected Population of Nigeria","Total","Persons","2007","4294807"
"Anambra","Projected Population of Nigeria","Total","Persons","2008","4415062"
"Anambra","Projected Population of Nigeria","Total","Persons","2009","4538684"
"Anambra","Total","Male","%","1991","85.3"
"Bauchi","Population of Nigeria","Male","Persons","1991","2192423"
"Bauchi","Population of Nigeria","Male","Persons","2006","2369266"
"Bauchi","Population of Nigeria","Female","Persons","1991","2158584"
"Bauchi","Population of Nigeria","Female","Persons","2006","2283800"
"Bauchi","Population of Nigeria","Total","Persons","1991","4351007"
"Bauchi","Population of Nigeria","Total","Persons","2006","4653066"
"Bauchi","Population of Nigeria","Total","Persons","2007","4813990"
"Bauchi","Population of Nigeria","Total","Persons","2008","4980480"
"Bauchi","Population of Nigeria","Total","Persons","2009","5152728"
"Bauchi","Population of Nigeria","Total","Persons","2010","5330933"
"Bauchi","Population of Nigeria","Total","Persons","2011","5515302"
"Bauchi","Population of Nigeria","Total","Persons","2012","5706046"
"Bauchi","Population of Nigeria","Total","Persons","2013","5903388"
"Bauchi","Population of Nigeria","Total","Persons","2014","6107554"
"Bauchi","Population of Nigeria","Total","Persons","2015","6318781"
"Bauchi","Population of Nigeria","Total","Persons","2016","6537314"
"Bauchi","Female","Male","Persons","1991","2158584"
"Bauchi","Sex Ratio (%)","Male","%","1991","101.57"
"Bauchi","Male","Male","Persons","1991","2192423"
"Bauchi","Projected Population of Nigeria","Male","Persons","2007","2449821"
"Bauchi","Projected Population of Nigeria","Male","Persons","2008","2533115"
"Bauchi","Projected Population of Nigeria","Male","Persons","2009","2619241"
"Bauchi","Projected Population of Nigeria","Female","Persons","2007","2361449"
"Bauchi","Projected Population of Nigeria","Female","Persons","2008","2441738"
"Bauchi","Projected Population of Nigeria","Female","Persons","2009","2524758"
"Bauchi","Projected Population of Nigeria","Total","Persons","2007","4811270"
"Bauchi","Projected Population of Nigeria","Total","Persons","2008","4974853"
"Bauchi","Projected Population of Nigeria","Total","Persons","2009","5143998"
"Bauchi","Total","Male","%","1991","99.2"
"Bayelsa","Population of Nigeria","Male","Persons","2006","874083"
"Bayelsa","Population of Nigeria","Female","Persons","2006","830432"
"Bayelsa","Population of Nigeria","Total","Persons","2006","1704515"
"Bayelsa","Population of Nigeria","Total","Persons","2007","1754670"
"Bayelsa","Population of Nigeria","Total","Persons","2008","1806300"
"Bayelsa","Population of Nigeria","Total","Persons","2009","1859450"
"Bayelsa","Population of Nigeria","Total","Persons","2010","1914163"
"Bayelsa","Population of Nigeria","Total","Persons","2011","1970487"
"Bayelsa","Population of Nigeria","Total","Persons","2012","2028468"
"Bayelsa","Population of Nigeria","Total","Persons","2013","2088154"
"Bayelsa","Population of Nigeria","Total","Persons","2014","2149597"
"Bayelsa","Population of Nigeria","Total","Persons","2015","2212849"
"Bayelsa","Population of Nigeria","Total","Persons","2016","2277961"
"Bayelsa","Projected Population of Nigeria","Male","Persons","2007","899431"
"Bayelsa","Projected Population of Nigeria","Male","Persons","2008","925515"
"Bayelsa","Projected Population of Nigeria","Male","Persons","2009","952355"
"Bayelsa","Projected Population of Nigeria","Female","Persons","2007","854515"
"Bayelsa","Projected Population of Nigeria","Female","Persons","2008","879295"
"Bayelsa","Projected Population of Nigeria","Female","Persons","2009","904795"
"Bayelsa","Projected Population of Nigeria","Total","Persons","2007","1753946"
"Bayelsa","Projected Population of Nigeria","Total","Persons","2008","1804810"
"Bayelsa","Projected Population of Nigeria","Total","Persons","2009","1857150"
"Benue","Population of Nigeria","Male","Persons","1991","1368965"
"Benue","Population of Nigeria","Male","Persons","2006","2144043"
"Benue","Population of Nigeria","Female","Persons","1991","1384112"
"Benue","Population of Nigeria","Female","Persons","2006","2109598"
"Benue","Population of Nigeria","Total","Persons","1991","2753077"
"Benue","Population of Nigeria","Total","Persons","2006","4253641"
"Benue","Population of Nigeria","Total","Persons","2007","4383184"
"Benue","Population of Nigeria","Total","Persons","2008","4516671"
"Benue","Population of Nigeria","Total","Persons","2009","4654225"
"Benue","Population of Nigeria","Total","Persons","2010","4795967"
"Benue","Population of Nigeria","Total","Persons","2011","4942026"
"Benue","Population of Nigeria","Total","Persons","2012","5092533"
"Benue","Population of Nigeria","Total","Persons","2013","5247624"
"Benue","Population of Nigeria","Total","Persons","2014","5407438"
"Benue","Population of Nigeria","Total","Persons","2015","5572118"
"Benue","Population of Nigeria","Total","Persons","2016","5741815"
"Benue","Female","Male","Persons","1991","1384112"
"Benue","Sex Ratio (%)","Male","%","1991","98.91"
"Benue","Male","Male","Persons","1991","1368965"
"Benue","Projected Population of Nigeria","Male","Persons","2007","2208364"
"Benue","Projected Population of Nigeria","Male","Persons","2008","2274615"
"Benue","Projected Population of Nigeria","Male","Persons","2009","2342854"
"Benue","Projected Population of Nigeria","Female","Persons","2007","2172886"
"Benue","Projected Population of Nigeria","Female","Persons","2008","2238073"
"Benue","Projected Population of Nigeria","Female","Persons","2009","2305215"
"Benue","Projected Population of Nigeria","Total","Persons","2007","4381250"
"Benue","Projected Population of Nigeria","Total","Persons","2008","4512688"
"Benue","Projected Population of Nigeria","Total","Persons","2009","4648068"
"Benue","Total","Male","%","1991","113.9"
"Borno","Population of Nigeria","Male","Persons","1991","1296111"
"Borno","Population of Nigeria","Male","Persons","2006","2163358"
"Borno","Population of Nigeria","Female","Persons","1991","1239892"
"Borno","Population of Nigeria","Female","Persons","2006","2007746"
"Borno","Population of Nigeria","Total","Persons","1991","2536003"
"Borno","Population of Nigeria","Total","Persons","2006","4171104"
"Borno","Population of Nigeria","Total","Persons","2007","4315360"
"Borno","Population of Nigeria","Total","Persons","2008","4464605"
"Borno","Population of Nigeria","Total","Persons","2009","4619012"
"Borno","Population of Nigeria","Total","Persons","2010","4778758"
"Borno","Population of Nigeria","Total","Persons","2011","4944030"
"Borno","Population of Nigeria","Total","Persons","2012","5115017"
"Borno","Population of Nigeria","Total","Persons","2013","5291918"
"Borno","Population of Nigeria","Total","Persons","2014","5474937"
"Borno","Population of Nigeria","Total","Persons","2015","5664285"
"Borno","Population of Nigeria","Total","Persons","2016","5860183"
"Borno","Female","Male","Persons","1991","1239892"
"Borno","Sex Ratio (%)","Male","%","1991","104.53"
"Borno","Male","Male","Persons","1991","1296111"
"Borno","Projected Population of Nigeria","Male","Persons","2007","2236912"
"Borno","Projected Population of Nigeria","Male","Persons","2008","2312967"
"Borno","Projected Population of Nigeria","Male","Persons","2009","2391608"
"Borno","Projected Population of Nigeria","Female","Persons","2007","2076009"
"Borno","Projected Population of Nigeria","Female","Persons","2008","2146594"
"Borno","Projected Population of Nigeria","Female","Persons","2009","2219578"
"Borno","Projected Population of Nigeria","Total","Persons","2007","4312922"
"Borno","Projected Population of Nigeria","Total","Persons","2008","4459561"
"Borno","Projected Population of Nigeria","Total","Persons","2009","4611186"
"Borno","Total","Male","%","1991","86.2"
"Cross River","Population of Nigeria","Male","Persons","1991","956136"
"Cross River","Population of Nigeria","Male","Persons","2006","1471967"
"Cross River","Population of Nigeria","Female","Persons","1991","955161"
"Cross River","Population of Nigeria","Female","Persons","2006","1421021"
"Cross River","Population of Nigeria","Total","Persons","1991","1911297"
"Cross River","Population of Nigeria","Total","Persons","2006","2892988"
"Cross River","Population of Nigeria","Total","Persons","2007","2978113"
"Cross River","Population of Nigeria","Total","Persons","2008","3065743"
"Cross River","Population of Nigeria","Total","Persons","2009","3155951"
"Cross River","Population of Nigeria","Total","Persons","2010","3248814"
"Cross River","Population of Nigeria","Total","Persons","2011","3344409"
"Cross River","Population of Nigeria","Total","Persons","2012","3442816"
"Cross River","Population of Nigeria","Total","Persons","2013","3544120"
"Cross River","Population of Nigeria","Total","Persons","2014","3648404"
"Cross River","Population of Nigeria","Total","Persons","2015","3755757"
"Cross River","Population of Nigeria","Total","Persons","2016","3866269"
"Cross River","Female","Male","Persons","1991","955161"
"Cross River","Sex Ratio (%)","Male","%","1991","100.1"
"Cross River","Male","Male","Persons","1991","956136"
"Cross River","Projected Population of Nigeria","Male","Persons","2007","1514654"
"Cross River","Projected Population of Nigeria","Male","Persons","2008","1558579"
"Cross River","Projected Population of Nigeria","Male","Persons","2009","1603778"
"Cross River","Projected Population of Nigeria","Female","Persons","2007","1462231"
"Cross River","Projected Population of Nigeria","Female","Persons","2008","1504635"
"Cross River","Projected Population of Nigeria","Female","Persons","2009","1548270"
"Cross River","Projected Population of Nigeria","Total","Persons","2007","2976885"
"Cross River","Projected Population of Nigeria","Total","Persons","2008","3063214"
"Cross River","Projected Population of Nigeria","Total","Persons","2009","3152048"
"Cross River","Total","Male","%","1991","100"
"Delta","Population of Nigeria","Male","Persons","1991","1271932"
"Delta","Population of Nigeria","Male","Persons","2006","2069309"
"Delta","Population of Nigeria","Female","Persons","1991","1318559"
"Delta","Population of Nigeria","Female","Persons","2006","2043136"
"Delta","Population of Nigeria","Total","Persons","1991","2590491"
"Delta","Population of Nigeria","Total","Persons","2006","4112445"
"Delta","Population of Nigeria","Total","Persons","2007","4246171"
"Delta","Population of Nigeria","Total","Persons","2008","4384246"
"Delta","Population of Nigeria","Total","Persons","2009","4526811"
"Delta","Population of Nigeria","Total","Persons","2010","4674012"
"Delta","Population of Nigeria","Total","Persons","2011","4825999"
"Delta","Population of Nigeria","Total","Persons","2012","4982928"
"Delta","Population of Nigeria","Total","Persons","2013","5144961"
"Delta","Population of Nigeria","Total","Persons","2014","5312262"
"Delta","Population of Nigeria","Total","Persons","2015","5485004"
"Delta","Population of Nigeria","Total","Persons","2016","5663362"
"Delta","Female","Male","Persons","1991","1318559"
"Delta","Sex Ratio (%)","Male","%","1991","96.46"
"Delta","Male","Male","Persons","1991","1271932"
"Delta","Projected Population of Nigeria","Male","Persons","2007","2135527"
"Delta","Projected Population of Nigeria","Male","Persons","2008","2203864"
"Delta","Projected Population of Nigeria","Male","Persons","2009","2274387"
"Delta","Projected Population of Nigeria","Female","Persons","2007","2108516"
"Delta","Projected Population of Nigeria","Female","Persons","2008","2175989"
"Delta","Projected Population of Nigeria","Female","Persons","2009","2245621"
"Delta","Projected Population of Nigeria","Total","Persons","2007","4244043"
"Delta","Projected Population of Nigeria","Total","Persons","2008","4379853"
"Delta","Projected Population of Nigeria","Total","Persons","2009","4520008"
"Delta","Total","Male","%","1991","101.4"
"Ebonyi","Population of Nigeria","Male","Persons","2006","1064156"
"Ebonyi","Population of Nigeria","Female","Persons","2006","1112791"
"Ebonyi","Population of Nigeria","Total","Persons","2006","2176947"
"Ebonyi","Population of Nigeria","Total","Persons","2007","2238763"
"Ebonyi","Population of Nigeria","Total","Persons","2008","2302334"
"Ebonyi","Population of Nigeria","Total","Persons","2009","2367710"
"Ebonyi","Population of Nigeria","Total","Persons","2010","2434943"
"Ebonyi","Population of Nigeria","Total","Persons","2011","2504085"
"Ebonyi","Population of Nigeria","Total","Persons","2012","2575190"
"Ebonyi","Population of Nigeria","Total","Persons","2013","2648315"
"Ebonyi","Population of Nigeria","Total","Persons","2014","2723515"
"Ebonyi","Population of Nigeria","Total","Persons","2015","2800851"
"Ebonyi","Population of Nigeria","Total","Persons","2016","2880383"
"Ebonyi","Projected Population of Nigeria","Male","Persons","2007","1143949"
"Ebonyi","Projected Population of Nigeria","Male","Persons","2008","1175980"
"Ebonyi","Projected Population of Nigeria","Male","Persons","2009","1208907"
"Ebonyi","Projected Population of Nigeria","Female","Persons","2007","1143949"
"Ebonyi","Projected Population of Nigeria","Female","Persons","2008","1175980"
"Ebonyi","Projected Population of Nigeria","Female","Persons","2009","1208907"
"Ebonyi","Projected Population of Nigeria","Total","Persons","2007","2287898"
"Ebonyi","Projected Population of Nigeria","Total","Persons","2008","2351959"
"Ebonyi","Projected Population of Nigeria","Total","Persons","2009","2417814"
"Edo","Population of Nigeria","Male","Persons","1991","1085156"
"Edo","Population of Nigeria","Male","Persons","2006","1633946"
"Edo","Population of Nigeria","Female","Persons","1991","1086849"
"Edo","Population of Nigeria","Female","Persons","2006","1599420"
"Edo","Population of Nigeria","Total","Persons","1991","2172005"
"Edo","Population of Nigeria","Total","Persons","2006","3233366"
"Edo","Population of Nigeria","Total","Persons","2007","3321856"
"Edo","Population of Nigeria","Total","Persons","2008","3412768"
"Edo","Population of Nigeria","Total","Persons","2009","3506168"
"Edo","Population of Nigeria","Total","Persons","2010","3602124"
"Edo","Population of Nigeria","Total","Persons","2011","3700706"
"Edo","Population of Nigeria","Total","Persons","2012","3801987"
"Edo","Population of Nigeria","Total","Persons","2013","3906039"
"Edo","Population of Nigeria","Total","Persons","2014","4012938"
"Edo","Population of Nigeria","Total","Persons","2015","4122764"
"Edo","Population of Nigeria","Total","Persons","2016","4235595"
"Edo","Female","Male","Persons","1991","1086849"
"Edo","Sex Ratio (%)","Male","%","1991","99.84"
"Edo","Male","Male","Persons","1991","1085156"
"Edo","Projected Population of Nigeria","Male","Persons","2007","1642604"
"Edo","Projected Population of Nigeria","Male","Persons","2008","1686955"
"Edo","Projected Population of Nigeria","Male","Persons","2009","1732502"
"Edo","Projected Population of Nigeria","Female","Persons","2007","1642604"
"Edo","Projected Population of Nigeria","Female","Persons","2008","1686955"
"Edo","Projected Population of Nigeria","Female","Persons","2009","1732502"
"Edo","Projected Population of Nigeria","Total","Persons","2007","3285209"
"Edo","Projected Population of Nigeria","Total","Persons","2008","3373909"
"Edo","Projected Population of Nigeria","Total","Persons","2009","3465005"
"Edo","Total","Male","%","1991","98.2"
"Ekiti","Population of Nigeria","Male","Persons","2006","1215487"
"Ekiti","Population of Nigeria","Female","Persons","2006","1183470"
"Ekiti","Population of Nigeria","Total","Persons","2006","2398957"
"Ekiti","Population of Nigeria","Total","Persons","2007","2474489"
"Ekiti","Population of Nigeria","Total","Persons","2008","2552400"
"Ekiti","Population of Nigeria","Total","Persons","2009","2632764"
"Ekiti","Population of Nigeria","Total","Persons","2010","2715657"
"Ekiti","Population of Nigeria","Total","Persons","2011","2801161"
"Ekiti","Population of Nigeria","Total","Persons","2012","2889357"
"Ekiti","Population of Nigeria","Total","Persons","2013","2980330"
"Ekiti","Population of Nigeria","Total","Persons","2014","3074167"
"Ekiti","Population of Nigeria","Total","Persons","2015","3170959"
"Ekiti","Population of Nigeria","Total","Persons","2016","3270798"
"Ekiti","Projected Population of Nigeria","Male","Persons","2007","1253167"
"Ekiti","Projected Population of Nigeria","Male","Persons","2008","1292015"
"Ekiti","Projected Population of Nigeria","Male","Persons","2009","1332068"
"Ekiti","Projected Population of Nigeria","Female","Persons","2007","1220158"
"Ekiti","Projected Population of Nigeria","Female","Persons","2008","1257982"
"Ekiti","Projected Population of Nigeria","Female","Persons","2009","1296980"
"Ekiti","Projected Population of Nigeria","Total","Persons","2007","2473325"
"Ekiti","Projected Population of Nigeria","Total","Persons","2008","2549998"
"Ekiti","Projected Population of Nigeria","Total","Persons","2009","2629048"
"Enugu","Population of Nigeria","Male","Persons","1991","1475648"
"Enugu","Population of Nigeria","Male","Persons","2006","1596042"
"Enugu","Population of Nigeria","Female","Persons","1991","1678732"
"Enugu","Population of Nigeria","Female","Persons","2006","1671795"
"Enugu","Population of Nigeria","Total","Persons","1991","3154380"
"Enugu","Population of Nigeria","Total","Persons","2006","3267837"
"Enugu","Population of Nigeria","Total","Persons","2007","3367357"
"Enugu","Population of Nigeria","Total","Persons","2008","3469909"
"Enugu","Population of Nigeria","Total","Persons","2009","3575583"
"Enugu","Population of Nigeria","Total","Persons","2010","3684476"
"Enugu","Population of Nigeria","Total","Persons","2011","3796685"
"Enugu","Population of Nigeria","Total","Persons","2012","3912311"
"Enugu","Population of Nigeria","Total","Persons","2013","4031459"
"Enugu","Population of Nigeria","Total","Persons","2014","4154235"
"Enugu","Population of Nigeria","Total","Persons","2015","4280750"
"Enugu","Population of Nigeria","Total","Persons","2016","4411119"
"Enugu","Female","Male","Persons","1991","1678732"
"Enugu","Sex Ratio (%)","Male","%","1991","87.9"
"Enugu","Male","Male","Persons","1991","1475648"
"Enugu","Projected Population of Nigeria","Male","Persons","2007","1643923"
"Enugu","Projected Population of Nigeria","Male","Persons","2008","1693241"
"Enugu","Projected Population of Nigeria","Male","Persons","2009","1744038"
"Enugu","Projected Population of Nigeria","Female","Persons","2007","1721949"
"Enugu","Projected Population of Nigeria","Female","Persons","2008","1773607"
"Enugu","Projected Population of Nigeria","Female","Persons","2009","1826816"
"Enugu","Projected Population of Nigeria","Total","Persons","2007","3365872"
"Enugu","Projected Population of Nigeria","Total","Persons","2008","3466848"
"Enugu","Projected Population of Nigeria","Total","Persons","2009","3570854"
"Enugu","Total","Male","%","1991","104.2"
"Gombe","Population of Nigeria","Male","Persons","2006","1244228"
"Gombe","Population of Nigeria","Female","Persons","2006","1120812"
"Gombe","Population of Nigeria","Total","Persons","2006","2365040"
"Gombe","Population of Nigeria","Total","Persons","2007","2441945"
"Gombe","Population of Nigeria","Total","Persons","2008","2521351"
"Gombe","Population of Nigeria","Total","Persons","2009","2603339"
"Gombe","Population of Nigeria","Total","Persons","2010","2687993"
"Gombe","Population of Nigeria","Total","Persons","2011","2775400"
"Gombe","Population of Nigeria","Total","Persons","2012","2865649"
"Gombe","Population of Nigeria","Total","Persons","2013","2958833"
"Gombe","Population of Nigeria","Total","Persons","2014","3055047"
"Gombe","Population of Nigeria","Total","Persons","2015","3154389"
"Gombe","Population of Nigeria","Total","Persons","2016","3256962"
"Gombe","Projected Population of Nigeria","Male","Persons","2007","1284043"
"Gombe","Projected Population of Nigeria","Male","Persons","2008","1325133"
"Gombe","Projected Population of Nigeria","Male","Persons","2009","1367537"
"Gombe","Projected Population of Nigeria","Female","Persons","2007","1156678"
"Gombe","Projected Population of Nigeria","Female","Persons","2008","1193692"
"Gombe","Projected Population of Nigeria","Female","Persons","2009","1231890"
"Gombe","Projected Population of Nigeria","Total","Persons","2007","2440721"
"Gombe","Projected Population of Nigeria","Total","Persons","2008","2518824"
"Gombe","Projected Population of Nigeria","Total","Persons","2009","2599427"
"Imo","Population of Nigeria","Male","Persons","1991","1166448"
"Imo","Population of Nigeria","Male","Persons","2006","1976471"
"Imo","Population of Nigeria","Female","Persons","1991","1319187"
"Imo","Population of Nigeria","Female","Persons","2006","1951092"
"Imo","Population of Nigeria","Total","Persons","1991","2485635"
"Imo","Population of Nigeria","Total","Persons","2006","3927563"
"Imo","Population of Nigeria","Total","Persons","2007","4055278"
"Imo","Population of Nigeria","Total","Persons","2008","4187145"
"Imo","Population of Nigeria","Total","Persons","2009","4323301"
"Imo","Population of Nigeria","Total","Persons","2010","4463884"
"Imo","Population of Nigeria","Total","Persons","2011","4609038"
"Imo","Population of Nigeria","Total","Persons","2012","4758912"
"Imo","Population of Nigeria","Total","Persons","2013","4913660"
"Imo","Population of Nigeria","Total","Persons","2014","5073440"
"Imo","Population of Nigeria","Total","Persons","2015","5238416"
"Imo","Population of Nigeria","Total","Persons","2016","5408756"
"Imo","Female","Male","Persons","1991","1319187"
"Imo","Sex Ratio (%)","Male","%","1991","88.42"
"Imo","Male","Male","Persons","1991","1166448"
"Imo","Projected Population of Nigeria","Male","Persons","2007","2039718"
"Imo","Projected Population of Nigeria","Male","Persons","2008","2104989"
"Imo","Projected Population of Nigeria","Male","Persons","2009","2172349"
"Imo","Projected Population of Nigeria","Female","Persons","2007","2013527"
"Imo","Projected Population of Nigeria","Female","Persons","2008","2077960"
"Imo","Projected Population of Nigeria","Female","Persons","2009","2144455"
"Imo","Projected Population of Nigeria","Total","Persons","2007","4053245"
"Imo","Projected Population of Nigeria","Total","Persons","2008","4182949"
"Imo","Projected Population of Nigeria","Total","Persons","2009","4316803"
"Imo","Total","Male","%","1991","106.3"
"Jigawa","Population of Nigeria","Male","Persons","1991","1455780"
"Jigawa","Population of Nigeria","Male","Persons","2006","2198076"
"Jigawa","Population of Nigeria","Female","Persons","1991","1419745"
"Jigawa","Population of Nigeria","Female","Persons","2006","2162926"
"Jigawa","Population of Nigeria","Total","Persons","1991","2875525"
"Jigawa","Population of Nigeria","Total","Persons","2006","4361002"
"Jigawa","Population of Nigeria","Total","Persons","2007","4489323"
"Jigawa","Population of Nigeria","Total","Persons","2008","4621419"
"Jigawa","Population of Nigeria","Total","Persons","2009","4757403"
"Jigawa","Population of Nigeria","Total","Persons","2010","4897387"
"Jigawa","Population of Nigeria","Total","Persons","2011","5041491"
"Jigawa","Population of Nigeria","Total","Persons","2012","5189835"
"Jigawa","Population of Nigeria","Total","Persons","2013","5342543"
"Jigawa","Population of Nigeria","Total","Persons","2014","5499746"
"Jigawa","Population of Nigeria","Total","Persons","2015","5661573"
"Jigawa","Population of Nigeria","Total","Persons","2016","5828163"
"Jigawa","Female","Male","Persons","1991","1419745"
"Jigawa","Sex Ratio (%)","Male","%","1991","102.54"
"Jigawa","Male","Male","Persons","1991","1455780"
"Jigawa","Projected Population of Nigeria","Male","Persons","2007","2261820"
"Jigawa","Projected Population of Nigeria","Male","Persons","2008","2327413"
"Jigawa","Projected Population of Nigeria","Male","Persons","2009","2394908"
"Jigawa","Projected Population of Nigeria","Female","Persons","2007","2225651"
"Jigawa","Projected Population of Nigeria","Female","Persons","2008","2290195"
"Jigawa","Projected Population of Nigeria","Female","Persons","2009","2356610"
"Jigawa","Projected Population of Nigeria","Total","Persons","2007","4487471"
"Jigawa","Projected Population of Nigeria","Total","Persons","2008","4617608"
"Jigawa","Projected Population of Nigeria","Total","Persons","2009","4751518"
"Jigawa","Total","Male","%","1991","82.7"
"Kaduna","Population of Nigeria","Male","Persons","1991","2041141"
"Kaduna","Population of Nigeria","Male","Persons","2006","3090438"
"Kaduna","Population of Nigeria","Female","Persons","1991","1894477"
"Kaduna","Population of Nigeria","Female","Persons","2006","3023065"
"Kaduna","Population of Nigeria","Total","Persons","1991","3935618"
"Kaduna","Population of Nigeria","Total","Persons","2006","6113503"
"Kaduna","Population of Nigeria","Total","Persons","2007","6299687"
"Kaduna","Population of Nigeria","Total","Persons","2008","6491541"
"Kaduna","Population of Nigeria","Total","Persons","2009","6689238"
"Kaduna","Population of Nigeria","Total","Persons","2010","6892955"
"Kaduna","Population of Nigeria","Total","Persons","2011","7102877"
"Kaduna","Population of Nigeria","Total","Persons","2012","7319192"
"Kaduna","Population of Nigeria","Total","Persons","2013","7542095"
"Kaduna","Population of Nigeria","Total","Persons","2014","7771785"
"Kaduna","Population of Nigeria","Total","Persons","2015","8008472"
"Kaduna","Population of Nigeria","Total","Persons","2016","8252366"
"Kaduna","Female","Male","Persons","1991","1894477"
"Kaduna","Sex Ratio (%)","Male","%","1991","107.74"
"Kaduna","Male","Male","Persons","1991","2041141"
"Kaduna","Projected Population of Nigeria","Male","Persons","2007","3183151"
"Kaduna","Projected Population of Nigeria","Male","Persons","2008","3278646"
"Kaduna","Projected Population of Nigeria","Male","Persons","2009","3377005"
"Kaduna","Projected Population of Nigeria","Female","Persons","2007","3113757"
"Kaduna","Projected Population of Nigeria","Female","Persons","2008","3207170"
"Kaduna","Projected Population of Nigeria","Female","Persons","2009","3303385"
"Kaduna","Projected Population of Nigeria","Total","Persons","2007","6296908"
"Kaduna","Projected Population of Nigeria","Total","Persons","2008","6485815"
"Kaduna","Projected Population of Nigeria","Total","Persons","2009","6680390"
"Kaduna","Total","Male","%","1991","126.9"
"Kano","Population of Nigeria","Male","Persons","1991","2958736"
"Kano","Population of Nigeria","Male","Persons","2006","4947952"
"Kano","Population of Nigeria","Female","Persons","1991","2851734"
"Kano","Population of Nigeria","Female","Persons","2006","4453336"
"Kano","Population of Nigeria","Total","Persons","1991","5810470"
"Kano","Population of Nigeria","Total","Persons","2006","9401288"
"Kano","Population of Nigeria","Total","Persons","2007","9716706"
"Kano","Population of Nigeria","Total","Persons","2008","10042707"
"Kano","Population of Nigeria","Total","Persons","2009","10379645"
"Kano","Population of Nigeria","Total","Persons","2010","10727888"
"Kano","Population of Nigeria","Total","Persons","2011","11087814"
"Kano","Population of Nigeria","Total","Persons","2012","11459817"
"Kano","Population of Nigeria","Total","Persons","2013","11844300"
"Kano","Population of Nigeria","Total","Persons","2014","12241682"
"Kano","Population of Nigeria","Total","Persons","2015","12652397"
"Kano","Population of Nigeria","Total","Persons","2016","13076892"
"Kano","Female","Male","Persons","1991","2851734"
"Kano","Sex Ratio (%)","Male","%","1991","103.75"
"Kano","Male","Male","Persons","1991","2958736"
"Kano","Projected Population of Nigeria","Male","Persons","2007","5111234"
"Kano","Projected Population of Nigeria","Male","Persons","2008","5279905"
"Kano","Projected Population of Nigeria","Male","Persons","2009","5454142"
"Kano","Projected Population of Nigeria","Female","Persons","2007","4600296"
"Kano","Projected Population of Nigeria","Female","Persons","2008","4752106"
"Kano","Projected Population of Nigeria","Female","Persons","2009","4908925"
"Kano","Projected Population of Nigeria","Total","Persons","2007","9711531"
"Kano","Projected Population of Nigeria","Total","Persons","2008","10032011"
"Kano","Projected Population of Nigeria","Total","Persons","2009","10363067"
"Kano","Total","Male","%","1991","88.1"
"Kebbi","Population of Nigeria","Male","Persons","1991","1035723"
"Kebbi","Population of Nigeria","Male","Persons","2006","1631629"
"Kebbi","Population of Nigeria","Female","Persons","1991","1032767"
"Kebbi","Population of Nigeria","Female","Persons","2006","1624912"
"Kebbi","Population of Nigeria","Total","Persons","1991","2068490"
"Kebbi","Population of Nigeria","Total","Persons","2006","3256541"
"Kebbi","Population of Nigeria","Total","Persons","2007","3359075"
"Kebbi","Population of Nigeria","Total","Persons","2008","3464837"
"Kebbi","Population of Nigeria","Total","Persons","2009","3573929"
"Kebbi","Population of Nigeria","Total","Persons","2010","3686456"
"Kebbi","Population of Nigeria","Total","Persons","2011","3802526"
"Kebbi","Population of Nigeria","Total","Persons","2012","3922250"
"Kebbi","Population of Nigeria","Total","Persons","2013","4045745"
"Kebbi","Population of Nigeria","Total","Persons","2014","4173127"
"Kebbi","Population of Nigeria","Total","Persons","2015","4304520"
"Kebbi","Population of Nigeria","Total","Persons","2016","4440050"
"Kebbi","Female","Male","Persons","1991","1032767"
"Kebbi","Sex Ratio (%)","Male","%","1991","100.29"
"Kebbi","Male","Male","Persons","1991","1035723"
"Kebbi","Projected Population of Nigeria","Male","Persons","2007","1682209"
"Kebbi","Projected Population of Nigeria","Male","Persons","2008","1734358"
"Kebbi","Projected Population of Nigeria","Male","Persons","2009","1788123"
"Kebbi","Projected Population of Nigeria","Female","Persons","2007","1675284"
"Kebbi","Projected Population of Nigeria","Female","Persons","2008","1727218"
"Kebbi","Projected Population of Nigeria","Female","Persons","2009","1780762"
"Kebbi","Projected Population of Nigeria","Total","Persons","2007","3357494"
"Kebbi","Projected Population of Nigeria","Total","Persons","2008","3461576"
"Kebbi","Projected Population of Nigeria","Total","Persons","2009","3568885"
"Kebbi","Total","Male","%","1991","101.4"
"Katsina","Population of Nigeria","Male","Persons","1991","1860658"
"Katsina","Population of Nigeria","Male","Persons","2006","2948279"
"Katsina","Population of Nigeria","Female","Persons","1991","1892475"
"Katsina","Population of Nigeria","Female","Persons","2006","2853305"
"Katsina","Population of Nigeria","Total","Persons","1991","3753133"
"Katsina","Population of Nigeria","Total","Persons","2006","5801584"
"Katsina","Population of Nigeria","Total","Persons","2007","5978269"
"Katsina","Population of Nigeria","Total","Persons","2008","6160334"
"Katsina","Population of Nigeria","Total","Persons","2009","6347944"
"Katsina","Population of Nigeria","Total","Persons","2010","6541268"
"Katsina","Population of Nigeria","Total","Persons","2011","6740479"
"Katsina","Population of Nigeria","Total","Persons","2012","6945757"
"Katsina","Population of Nigeria","Total","Persons","2013","7157287"
"Katsina","Population of Nigeria","Total","Persons","2014","7375259"
"Katsina","Population of Nigeria","Total","Persons","2015","7599869"
"Katsina","Population of Nigeria","Total","Persons","2016","7831319"
"Katsina","Female","Male","Persons","1991","1892475"
"Katsina","Sex Ratio (%)","Male","%","1991","98.32"
"Katsina","Male","Male","Persons","1991","1860658"
"Katsina","Projected Population of Nigeria","Male","Persons","2007","3036727"
"Katsina","Projected Population of Nigeria","Male","Persons","2008","3127829"
"Katsina","Projected Population of Nigeria","Male","Persons","2009","3221664"
"Katsina","Projected Population of Nigeria","Female","Persons","2007","2938904"
"Katsina","Projected Population of Nigeria","Female","Persons","2008","3027071"
"Katsina","Projected Population of Nigeria","Female","Persons","2009","3117883"
"Katsina","Projected Population of Nigeria","Total","Persons","2007","5975632"
"Katsina","Projected Population of Nigeria","Total","Persons","2008","6154900"
"Katsina","Projected Population of Nigeria","Total","Persons","2009","6339547"
"Katsina","Total","Male","%","1991","99.8"
"Kogi","Population of Nigeria","Male","Persons","1991","1039484"
"Kogi","Population of Nigeria","Male","Persons","2006","1672903"
"Kogi","Population of Nigeria","Female","Persons","1991","1108272"
"Kogi","Population of Nigeria","Female","Persons","2006","1641140"
"Kogi","Population of Nigeria","Total","Persons","1991","2147756"
"Kogi","Population of Nigeria","Total","Persons","2006","3314043"
"Kogi","Population of Nigeria","Total","Persons","2007","3414971"
"Kogi","Population of Nigeria","Total","Persons","2008","3518972"
"Kogi","Population of Nigeria","Total","Persons","2009","3626141"
"Kogi","Population of Nigeria","Total","Persons","2010","3736573"
"Kogi","Population of Nigeria","Total","Persons","2011","3850369"
"Kogi","Population of Nigeria","Total","Persons","2012","3967630"
"Kogi","Population of Nigeria","Total","Persons","2013","4088462"
"Kogi","Population of Nigeria","Total","Persons","2014","4212974"
"Kogi","Population of Nigeria","Total","Persons","2015","4341279"
"Kogi","Population of Nigeria","Total","Persons","2016","4473490"
"Kogi","Female","Male","Persons","1991","1108272"
"Kogi","Sex Ratio (%)","Male","%","1991","93.79"
"Kogi","Male","Male","Persons","1991","1039484"
"Kogi","Projected Population of Nigeria","Male","Persons","2007","1723090"
"Kogi","Projected Population of Nigeria","Male","Persons","2008","1774783"
"Kogi","Projected Population of Nigeria","Male","Persons","2009","1828026"
"Kogi","Projected Population of Nigeria","Female","Persons","2007","1690374"
"Kogi","Projected Population of Nigeria","Female","Persons","2008","1741085"
"Kogi","Projected Population of Nigeria","Female","Persons","2009","1793318"
"Kogi","Projected Population of Nigeria","Total","Persons","2007","3413464"
"Kogi","Projected Population of Nigeria","Total","Persons","2008","3515868"
"Kogi","Projected Population of Nigeria","Total","Persons","2009","3621344"
"Kogi","Total","Male","%","1991","106.8"
"Kwara","Population of Nigeria","Male","Persons","1991","773182"
"Kwara","Population of Nigeria","Male","Persons","2006","1193783"
"Kwara","Population of Nigeria","Female","Persons","1991","775230"
"Kwara","Population of Nigeria","Female","Persons","2006","1171570"
"Kwara","Population of Nigeria","Total","Persons","1991","1548412"
"Kwara","Population of Nigeria","Total","Persons","2006","2365353"
"Kwara","Population of Nigeria","Total","Persons","2007","2437389"
"Kwara","Population of Nigeria","Total","Persons","2008","2511618"
"Kwara","Population of Nigeria","Total","Persons","2009","2588108"
"Kwara","Population of Nigeria","Total","Persons","2010","2666928"
"Kwara","Population of Nigeria","Total","Persons","2011","2748148"
"Kwara","Population of Nigeria","Total","Persons","2012","2831842"
"Kwara","Population of Nigeria","Total","Persons","2013","2918084"
"Kwara","Population of Nigeria","Total","Persons","2014","3006953"
"Kwara","Population of Nigeria","Total","Persons","2015","3098528"
"Kwara","Population of Nigeria","Total","Persons","2016","3192893"
"Kwara","Female","Male","Persons","1991","775230"
"Kwara","Sex Ratio (%)","Male","%","1991","99.74"
"Kwara","Male","Male","Persons","1991","773182"
"Kwara","Projected Population of Nigeria","Male","Persons","2007","1229596"
"Kwara","Projected Population of Nigeria","Male","Persons","2008","1266484"
"Kwara","Projected Population of Nigeria","Male","Persons","2009","1304479"
"Kwara","Projected Population of Nigeria","Female","Persons","2007","1206717"
"Kwara","Projected Population of Nigeria","Female","Persons","2008","1242919"
"Kwara","Projected Population of Nigeria","Female","Persons","2009","1280206"
"Kwara","Projected Population of Nigeria","Total","Persons","2007","2436314"
"Kwara","Projected Population of Nigeria","Total","Persons","2008","2509403"
"Kwara","Projected Population of Nigeria","Total","Persons","2009","2584685"
"Kwara","Total","Male","%","1991","96"
"Lagos","Population of Nigeria","Male","Persons","1991","3010604"
"Lagos","Population of Nigeria","Male","Persons","2006","4719125"
"Lagos","Population of Nigeria","Female","Persons","1991","2714512"
"Lagos","Population of Nigeria","Female","Persons","2006","4394480"
"Lagos","Population of Nigeria","Total","Persons","1991","5725116"
"Lagos","Population of Nigeria","Total","Persons","2006","9113605"
"Lagos","Population of Nigeria","Total","Persons","2007","9409957"
"Lagos","Population of Nigeria","Total","Persons","2008","9715945"
"Lagos","Population of Nigeria","Total","Persons","2009","10031883"
"Lagos","Population of Nigeria","Total","Persons","2010","10358095"
"Lagos","Population of Nigeria","Total","Persons","2011","10694915"
"Lagos","Population of Nigeria","Total","Persons","2012","11042686"
"Lagos","Population of Nigeria","Total","Persons","2013","11401767"
"Lagos","Population of Nigeria","Total","Persons","2014","11772524"
"Lagos","Population of Nigeria","Total","Persons","2015","12155337"
"Lagos","Population of Nigeria","Total","Persons","2016","12550598"
"Lagos","Female","Male","Persons","1991","2714512"
"Lagos","Sex Ratio (%)","Male","%","1991","110.91"
"Lagos","Male","Male","Persons","1991","3010604"
"Lagos","Projected Population of Nigeria","Male","Persons","2007","4870137"
"Lagos","Projected Population of Nigeria","Male","Persons","2008","5025981"
"Lagos","Projected Population of Nigeria","Male","Persons","2009","5186813"
"Lagos","Projected Population of Nigeria","Female","Persons","2007","4535103"
"Lagos","Projected Population of Nigeria","Female","Persons","2008","4680227"
"Lagos","Projected Population of Nigeria","Female","Persons","2009","4829994"
"Lagos","Projected Population of Nigeria","Total","Persons","2007","9405240"
"Lagos","Projected Population of Nigeria","Total","Persons","2008","9706208"
"Lagos","Projected Population of Nigeria","Total","Persons","2009","10016807"
"Lagos","Total","Male","%","1991","70.9"
"Nassarawa","Population of Nigeria","Male","Persons","2006","943801"
"Nassarawa","Population of Nigeria","Female","Persons","2006","925576"
"Nassarawa","Population of Nigeria","Total","Persons","2006","1869377"
"Nassarawa","Population of Nigeria","Total","Persons","2007","1926308"
"Nassarawa","Population of Nigeria","Total","Persons","2008","1984973"
"Nassarawa","Population of Nigeria","Total","Persons","2009","2045424"
"Nassarawa","Population of Nigeria","Total","Persons","2010","2107717"
"Nassarawa","Population of Nigeria","Total","Persons","2011","2171906"
"Nassarawa","Population of Nigeria","Total","Persons","2012","2238051"
"Nassarawa","Population of Nigeria","Total","Persons","2013","2306209"
"Nassarawa","Population of Nigeria","Total","Persons","2014","2376444"
"Nassarawa","Population of Nigeria","Total","Persons","2015","2448817"
"Nassarawa","Population of Nigeria","Total","Persons","2016","2523395"
"Nassarawa","Projected Population of Nigeria","Male","Persons","2007","972115"
"Nassarawa","Projected Population of Nigeria","Male","Persons","2008","1001278"
"Nassarawa","Projected Population of Nigeria","Male","Persons","2009","1031317"
"Nassarawa","Projected Population of Nigeria","Female","Persons","2007","953343"
"Nassarawa","Projected Population of Nigeria","Female","Persons","2008","981944"
"Nassarawa","Projected Population of Nigeria","Female","Persons","2009","1011402"
"Nassarawa","Projected Population of Nigeria","Total","Persons","2007","1925458"
"Nassarawa","Projected Population of Nigeria","Total","Persons","2008","1983222"
"Nassarawa","Projected Population of Nigeria","Total","Persons","2009","2042719"
"Niger","Population of Nigeria","Male","Persons","1991","1252466"
"Niger","Population of Nigeria","Male","Persons","2006","2004350"
"Niger","Population of Nigeria","Female","Persons","1991","1169115"
"Niger","Population of Nigeria","Female","Persons","2006","1950422"
"Niger","Population of Nigeria","Total","Persons","1991","2421581"
"Niger","Population of Nigeria","Total","Persons","2006","3954772"
"Niger","Population of Nigeria","Total","Persons","2007","4091546"
"Niger","Population of Nigeria","Total","Persons","2008","4233051"
"Niger","Population of Nigeria","Total","Persons","2009","4379449"
"Niger","Population of Nigeria","Total","Persons","2010","4530911"
"Niger","Population of Nigeria","Total","Persons","2011","4687610"
"Niger","Population of Nigeria","Total","Persons","2012","4849730"
"Niger","Population of Nigeria","Total","Persons","2013","5017456"
"Niger","Population of Nigeria","Total","Persons","2014","5190982"
"Niger","Population of Nigeria","Total","Persons","2015","5370510"
"Niger","Population of Nigeria","Total","Persons","2016","5556247"
"Niger","Female","Male","Persons","1991","1169115"
"Niger","Sex Ratio (%)","Male","%","1991","107.13"
"Niger","Male","Male","Persons","1991","1252466"
"Niger","Projected Population of Nigeria","Male","Persons","2007","2072498"
"Niger","Projected Population of Nigeria","Male","Persons","2008","2142963"
"Niger","Projected Population of Nigeria","Male","Persons","2009","2215824"
"Niger","Projected Population of Nigeria","Female","Persons","2007","2016736"
"Niger","Projected Population of Nigeria","Female","Persons","2008","2085305"
"Niger","Projected Population of Nigeria","Female","Persons","2009","2156206"
"Niger","Projected Population of Nigeria","Total","Persons","2007","4089234"
"Niger","Projected Population of Nigeria","Total","Persons","2008","4228268"
"Niger","Projected Population of Nigeria","Total","Persons","2009","4372029"
"Niger","Total","Male","%","1991","98"
"Ogun","Population of Nigeria","Male","Persons","1991","1147746"
"Ogun","Population of Nigeria","Male","Persons","2006","1864907"
"Ogun","Population of Nigeria","Female","Persons","1991","1185980"
"Ogun","Population of Nigeria","Female","Persons","2006","1886233"
"Ogun","Population of Nigeria","Total","Persons","1991","2333726"
"Ogun","Population of Nigeria","Total","Persons","2006","3751140"
"Ogun","Population of Nigeria","Total","Persons","2007","3876993"
"Ogun","Population of Nigeria","Total","Persons","2008","4007068"
"Ogun","Population of Nigeria","Total","Persons","2009","4141507"
"Ogun","Population of Nigeria","Total","Persons","2010","4280457"
"Ogun","Population of Nigeria","Total","Persons","2011","4424069"
"Ogun","Population of Nigeria","Total","Persons","2012","4572499"
"Ogun","Population of Nigeria","Total","Persons","2013","4725908"
"Ogun","Population of Nigeria","Total","Persons","2014","4884465"
"Ogun","Population of Nigeria","Total","Persons","2015","5048342"
"Ogun","Population of Nigeria","Total","Persons","2016","5217716"
"Ogun","Female","Male","Persons","1991","1185980"
"Ogun","Sex Ratio (%)","Male","%","1991","96.78"
"Ogun","Male","Male","Persons","1991","1147746"
"Ogun","Projected Population of Nigeria","Male","Persons","2007","1926449"
"Ogun","Projected Population of Nigeria","Male","Persons","2008","1990022"
"Ogun","Projected Population of Nigeria","Male","Persons","2009","2055692"
"Ogun","Projected Population of Nigeria","Female","Persons","2007","1948479"
"Ogun","Projected Population of Nigeria","Female","Persons","2008","2012778"
"Ogun","Projected Population of Nigeria","Female","Persons","2009","2079200"
"Ogun","Projected Population of Nigeria","Total","Persons","2007","3874928"
"Ogun","Projected Population of Nigeria","Total","Persons","2008","4002800"
"Ogun","Projected Population of Nigeria","Total","Persons","2009","4134893"
"Ogun","Total","Male","%","1991","92.1"
"Ondo","Population of Nigeria","Male","Persons","1991","1881884"
"Ondo","Population of Nigeria","Male","Persons","2006","1745057"
"Ondo","Population of Nigeria","Female","Persons","1991","1903454"
"Ondo","Population of Nigeria","Female","Persons","2006","1715820"
"Ondo","Population of Nigeria","Total","Persons","1991","3785338"
"Ondo","Population of Nigeria","Total","Persons","2006","3460877"
"Ondo","Population of Nigeria","Total","Persons","2007","3566276"
"Ondo","Population of Nigeria","Total","Persons","2008","3674886"
"Ondo","Population of Nigeria","Total","Persons","2009","3786803"
"Ondo","Population of Nigeria","Total","Persons","2010","3902128"
"Ondo","Population of Nigeria","Total","Persons","2011","4020965"
"Ondo","Population of Nigeria","Total","Persons","2012","4143422"
"Ondo","Population of Nigeria","Total","Persons","2013","4269608"
"Ondo","Population of Nigeria","Total","Persons","2014","4399637"
"Ondo","Population of Nigeria","Total","Persons","2015","4533626"
"Ondo","Population of Nigeria","Total","Persons","2016","4671695"
"Ondo","Female","Male","Persons","1991","1903454"
"Ondo","Sex Ratio (%)","Male","%","1991","98.87"
"Ondo","Male","Male","Persons","1991","1881884"
"Ondo","Projected Population of Nigeria","Male","Persons","2007","1797409"
"Ondo","Projected Population of Nigeria","Male","Persons","2008","1851331"
"Ondo","Projected Population of Nigeria","Male","Persons","2009","1906871"
"Ondo","Projected Population of Nigeria","Female","Persons","2007","1767295"
"Ondo","Projected Population of Nigeria","Female","Persons","2008","1820313"
"Ondo","Projected Population of Nigeria","Female","Persons","2009","1874923"
"Ondo","Projected Population of Nigeria","Total","Persons","2007","3564703"
"Ondo","Projected Population of Nigeria","Total","Persons","2008","3671644"
"Ondo","Projected Population of Nigeria","Total","Persons","2009","3781794"
"Ondo","Total","Male","%","1991","88.5"
"Osun","Population of Nigeria","Male","Persons","1991","1043126"
"Osun","Population of Nigeria","Male","Persons","2006","1734149"
"Osun","Population of Nigeria","Female","Persons","1991","1115017"
"Osun","Population of Nigeria","Female","Persons","2006","1682810"
"Osun","Population of Nigeria","Total","Persons","1991","2158143"
"Osun","Population of Nigeria","Total","Persons","2006","3416959"
"Osun","Population of Nigeria","Total","Persons","2007","3528070"
"Osun","Population of Nigeria","Total","Persons","2008","3642794"
"Osun","Population of Nigeria","Total","Persons","2009","3761249"
"Osun","Population of Nigeria","Total","Persons","2010","3883555"
"Osun","Population of Nigeria","Total","Persons","2011","4009839"
"Osun","Population of Nigeria","Total","Persons","2012","4140228"
"Osun","Population of Nigeria","Total","Persons","2013","4274858"
"Osun","Population of Nigeria","Total","Persons","2014","4413866"
"Osun","Population of Nigeria","Total","Persons","2015","4557394"
"Osun","Population of Nigeria","Total","Persons","2016","4705589"
"Osun","Female","Male","Persons","1991","1115017"
"Osun","Sex Ratio (%)","Male","%","1991","93.55"
"Osun","Male","Male","Persons","1991","1043126"
"Osun","Projected Population of Nigeria","Male","Persons","2007","1789642"
"Osun","Projected Population of Nigeria","Male","Persons","2008","1846910"
"Osun","Projected Population of Nigeria","Male","Persons","2009","1906011"
"Osun","Projected Population of Nigeria","Female","Persons","2007","1736660"
"Osun","Projected Population of Nigeria","Female","Persons","2008","1792233"
"Osun","Projected Population of Nigeria","Female","Persons","2009","1849584"
"Osun","Projected Population of Nigeria","Total","Persons","2007","3526302"
"Osun","Projected Population of Nigeria","Total","Persons","2008","3639143"
"Osun","Projected Population of Nigeria","Total","Persons","2009","3755596"
"Osun","Total","Male","%","1991","94.9"
"Oyo","Population of Nigeria","Male","Persons","1991","1711428"
"Oyo","Population of Nigeria","Male","Persons","2006","2802432"
"Oyo","Population of Nigeria","Female","Persons","1991","1741292"
"Oyo","Population of Nigeria","Female","Persons","2006","2778462"
"Oyo","Population of Nigeria","Total","Persons","1991","3452720"
"Oyo","Population of Nigeria","Total","Persons","2006","5580894"
"Oyo","Population of Nigeria","Total","Persons","2007","5773907"
"Oyo","Population of Nigeria","Total","Persons","2008","5973595"
"Oyo","Population of Nigeria","Total","Persons","2009","6180190"
"Oyo","Population of Nigeria","Total","Persons","2010","6393929"
"Oyo","Population of Nigeria","Total","Persons","2011","6615061"
"Oyo","Population of Nigeria","Total","Persons","2012","6843840"
"Oyo","Population of Nigeria","Total","Persons","2013","7080532"
"Oyo","Population of Nigeria","Total","Persons","2014","7325409"
"Oyo","Population of Nigeria","Total","Persons","2015","7578755"
"Oyo","Population of Nigeria","Total","Persons","2016","7840864"
"Oyo","Female","Male","Persons","1991","1741292"
"Oyo","Sex Ratio (%)","Male","%","1991","98.28"
"Oyo","Male","Male","Persons","1991","1711428"
"Oyo","Projected Population of Nigeria","Male","Persons","2007","2897715"
"Oyo","Projected Population of Nigeria","Male","Persons","2008","2996237"
"Oyo","Projected Population of Nigeria","Male","Persons","2009","3098109"
"Oyo","Projected Population of Nigeria","Female","Persons","2007","2872930"
"Oyo","Projected Population of Nigeria","Female","Persons","2008","2970609"
"Oyo","Projected Population of Nigeria","Female","Persons","2009","3071610"
"Oyo","Projected Population of Nigeria","Total","Persons","2007","5770644"
"Oyo","Projected Population of Nigeria","Total","Persons","2008","5966846"
"Oyo","Projected Population of Nigeria","Total","Persons","2009","6169719"
"Oyo","Total","Male","%","1991","86.8"
"Plateau","Population of Nigeria","Male","Persons","1991","1657209"
"Plateau","Population of Nigeria","Male","Persons","2006","1598998"
"Plateau","Population of Nigeria","Female","Persons","1991","1655203"
"Plateau","Population of Nigeria","Female","Persons","2006","1607533"
"Plateau","Population of Nigeria","Total","Persons","1991","3312412"
"Plateau","Population of Nigeria","Total","Persons","2006","3206531"
"Plateau","Population of Nigeria","Total","Persons","2007","3294287"
"Plateau","Population of Nigeria","Total","Persons","2008","3384444"
"Plateau","Population of Nigeria","Total","Persons","2009","3477069"
"Plateau","Population of Nigeria","Total","Persons","2010","3572229"
"Plateau","Population of Nigeria","Total","Persons","2011","3669993"
"Plateau","Population of Nigeria","Total","Persons","2012","3770432"
"Plateau","Population of Nigeria","Total","Persons","2013","3873621"
"Plateau","Population of Nigeria","Total","Persons","2014","3979633"
"Plateau","Population of Nigeria","Total","Persons","2015","4088547"
"Plateau","Population of Nigeria","Total","Persons","2016","4200442"
"Plateau","Female","Male","Persons","1991","1655203"
"Plateau","Sex Ratio (%)","Male","%","1991","100.12"
"Plateau","Male","Male","Persons","1991","1657209"
"Plateau","Projected Population of Nigeria","Male","Persons","2007","1642171"
"Plateau","Projected Population of Nigeria","Male","Persons","2008","1686510"
"Plateau","Projected Population of Nigeria","Male","Persons","2009","1732045"
"Plateau","Projected Population of Nigeria","Female","Persons","2007","1650936"
"Plateau","Projected Population of Nigeria","Female","Persons","2008","1695512"
"Plateau","Projected Population of Nigeria","Female","Persons","2009","1741290"
"Plateau","Projected Population of Nigeria","Total","Persons","2007","3293107"
"Plateau","Projected Population of Nigeria","Total","Persons","2008","3382021"
"Plateau","Projected Population of Nigeria","Total","Persons","2009","3473336"
"Plateau","Total","Male","%","1991","104"
"Rivers","Population of Nigeria","Male","Persons","1991","2239558"
"Rivers","Population of Nigeria","Male","Persons","2006","2673026"
"Rivers","Population of Nigeria","Female","Persons","1991","2069999"
"Rivers","Population of Nigeria","Female","Persons","2006","2525690"
"Rivers","Population of Nigeria","Total","Persons","1991","4309557"
"Rivers","Population of Nigeria","Total","Persons","2006","5198716"
"Rivers","Population of Nigeria","Total","Persons","2007","5378512"
"Rivers","Population of Nigeria","Total","Persons","2008","5564525"
"Rivers","Population of Nigeria","Total","Persons","2009","5756972"
"Rivers","Population of Nigeria","Total","Persons","2010","5956075"
"Rivers","Population of Nigeria","Total","Persons","2011","6162063"
"Rivers","Population of Nigeria","Total","Persons","2012","6375176"
"Rivers","Population of Nigeria","Total","Persons","2013","6595659"
"Rivers","Population of Nigeria","Total","Persons","2014","6823767"
"Rivers","Population of Nigeria","Total","Persons","2015","7059764"
"Rivers","Population of Nigeria","Total","Persons","2016","7303924"
"Rivers","Female","Male","Persons","1991","2069999"
"Rivers","Sex Ratio (%)","Male","%","1991","108.19"
"Rivers","Male","Male","Persons","1991","2239558"
"Rivers","Projected Population of Nigeria","Male","Persons","2007","2763909"
"Rivers","Projected Population of Nigeria","Male","Persons","2008","2857882"
"Rivers","Projected Population of Nigeria","Male","Persons","2009","2955050"
"Rivers","Projected Population of Nigeria","Female","Persons","2007","2611563"
"Rivers","Projected Population of Nigeria","Female","Persons","2008","2700357"
"Rivers","Projected Population of Nigeria","Female","Persons","2009","2792169"
"Rivers","Projected Population of Nigeria","Total","Persons","2007","5375472"
"Rivers","Projected Population of Nigeria","Total","Persons","2008","5558238"
"Rivers","Projected Population of Nigeria","Total","Persons","2009","5747219"
"Rivers","Total","Male","%","1991","85.5"
"Sokoto","Population of Nigeria","Male","Persons","1991","2208874"
"Sokoto","Population of Nigeria","Male","Persons","2006","1863713"
"Sokoto","Population of Nigeria","Female","Persons","1991","2261302"
"Sokoto","Population of Nigeria","Female","Persons","2006","1838963"
"Sokoto","Population of Nigeria","Total","Persons","1991","4470176"
"Sokoto","Population of Nigeria","Total","Persons","2006","3702676"
"Sokoto","Population of Nigeria","Total","Persons","2007","3815439"
"Sokoto","Population of Nigeria","Total","Persons","2008","3931637"
"Sokoto","Population of Nigeria","Total","Persons","2009","4051373"
"Sokoto","Population of Nigeria","Total","Persons","2010","4174756"
"Sokoto","Population of Nigeria","Total","Persons","2011","4301896"
"Sokoto","Population of Nigeria","Total","Persons","2012","4432908"
"Sokoto","Population of Nigeria","Total","Persons","2013","4567910"
"Sokoto","Population of Nigeria","Total","Persons","2014","4707024"
"Sokoto","Population of Nigeria","Total","Persons","2015","4850374"
"Sokoto","Population of Nigeria","Total","Persons","2016","4998090"
"Sokoto","Female","Male","Persons","1991","2261302"
"Sokoto","Sex Ratio (%)","Male","%","1991","97.68"
"Sokoto","Male","Male","Persons","1991","2208874"
"Sokoto","Projected Population of Nigeria","Male","Persons","2007","1919624"
"Sokoto","Projected Population of Nigeria","Male","Persons","2008","1977213"
"Sokoto","Projected Population of Nigeria","Male","Persons","2009","2036530"
"Sokoto","Projected Population of Nigeria","Female","Persons","2007","1894132"
"Sokoto","Projected Population of Nigeria","Female","Persons","2008","1950956"
"Sokoto","Projected Population of Nigeria","Female","Persons","2009","2009485"
"Sokoto","Projected Population of Nigeria","Total","Persons","2007","3813756"
"Sokoto","Projected Population of Nigeria","Total","Persons","2008","3928169"
"Sokoto","Projected Population of Nigeria","Total","Persons","2009","4046014"
"Sokoto","Total","Male","%","1991","91.7"
"Taraba","Population of Nigeria","Male","Persons","1991","759872"
"Taraba","Population of Nigeria","Male","Persons","2006","1171931"
"Taraba","Population of Nigeria","Female","Persons","1991","752291"
"Taraba","Population of Nigeria","Female","Persons","2006","1122869"
"Taraba","Population of Nigeria","Total","Persons","1991","1512163"
"Taraba","Population of Nigeria","Total","Persons","2006","2294800"
"Taraba","Population of Nigeria","Total","Persons","2007","2362324"
"Taraba","Population of Nigeria","Total","Persons","2008","2431834"
"Taraba","Population of Nigeria","Total","Persons","2009","2503390"
"Taraba","Population of Nigeria","Total","Persons","2010","2577051"
"Taraba","Population of Nigeria","Total","Persons","2011","2652880"
"Taraba","Population of Nigeria","Total","Persons","2012","2730940"
"Taraba","Population of Nigeria","Total","Persons","2013","2811296"
"Taraba","Population of Nigeria","Total","Persons","2014","2894018"
"Taraba","Population of Nigeria","Total","Persons","2015","2979173"
"Taraba","Population of Nigeria","Total","Persons","2016","3066834"
"Taraba","Female","Male","Persons","1991","752291"
"Taraba","Sex Ratio (%)","Male","%","1991","101.01"
"Taraba","Male","Male","Persons","1991","759872"
"Taraba","Projected Population of Nigeria","Male","Persons","2007","1205917"
"Taraba","Projected Population of Nigeria","Male","Persons","2008","1240889"
"Taraba","Projected Population of Nigeria","Male","Persons","2009","1276874"
"Taraba","Projected Population of Nigeria","Female","Persons","2007","1155432"
"Taraba","Projected Population of Nigeria","Female","Persons","2008","1188940"
"Taraba","Projected Population of Nigeria","Female","Persons","2009","1223419"
"Taraba","Projected Population of Nigeria","Total","Persons","2007","2361349"
"Taraba","Projected Population of Nigeria","Total","Persons","2008","2429828"
"Taraba","Projected Population of Nigeria","Total","Persons","2009","2500293"
"Taraba","Total","Male","%","1991","100.4"
"Yobe","Population of Nigeria","Male","Persons","1991","714729"
"Yobe","Population of Nigeria","Male","Persons","2006","1205034"
"Yobe","Population of Nigeria","Female","Persons","1991","684958"
"Yobe","Population of Nigeria","Female","Persons","2006","1116305"
"Yobe","Population of Nigeria","Total","Persons","1991","1399687"
"Yobe","Population of Nigeria","Total","Persons","2006","2321339"
"Yobe","Population of Nigeria","Total","Persons","2007","2404024"
"Yobe","Population of Nigeria","Total","Persons","2008","2489655"
"Yobe","Population of Nigeria","Total","Persons","2009","2578336"
"Yobe","Population of Nigeria","Total","Persons","2010","2670175"
"Yobe","Population of Nigeria","Total","Persons","2011","2765286"
"Yobe","Population of Nigeria","Total","Persons","2012","2863785"
"Yobe","Population of Nigeria","Total","Persons","2013","2965792"
"Yobe","Population of Nigeria","Total","Persons","2014","3071433"
"Yobe","Population of Nigeria","Total","Persons","2015","3180836"
"Yobe","Population of Nigeria","Total","Persons","2016","3294137"
"Yobe","Female","Male","Persons","1991","684958"
"Yobe","Sex Ratio (%)","Male","%","1991","104.35"
"Yobe","Male","Male","Persons","1991","714729"
"Yobe","Projected Population of Nigeria","Male","Persons","2007","1247210"
"Yobe","Projected Population of Nigeria","Male","Persons","2008","1290863"
"Yobe","Projected Population of Nigeria","Male","Persons","2009","1336043"
"Yobe","Projected Population of Nigeria","Female","Persons","2007","1155376"
"Yobe","Projected Population of Nigeria","Female","Persons","2008","1195814"
"Yobe","Projected Population of Nigeria","Female","Persons","2009","1237667"
"Yobe","Projected Population of Nigeria","Total","Persons","2007","2402586"
"Yobe","Projected Population of Nigeria","Total","Persons","2008","2486676"
"Yobe","Projected Population of Nigeria","Total","Persons","2009","2573710"
"Yobe","Total","Male","%","1991","92.4"
"Zamfara","Population of Nigeria","Male","Persons","2006","1641623"
"Zamfara","Population of Nigeria","Female","Persons","2006","1637250"
"Zamfara","Population of Nigeria","Total","Persons","2006","3278873"
"Zamfara","Population of Nigeria","Total","Persons","2007","3385494"
"Zamfara","Population of Nigeria","Total","Persons","2008","3495582"
"Zamfara","Population of Nigeria","Total","Persons","2009","3609249"
"Zamfara","Population of Nigeria","Total","Persons","2010","3726613"
"Zamfara","Population of Nigeria","Total","Persons","2011","3847793"
"Zamfara","Population of Nigeria","Total","Persons","2012","3972914"
"Zamfara","Population of Nigeria","Total","Persons","2013","4102103"
"Zamfara","Population of Nigeria","Total","Persons","2014","4235493"
"Zamfara","Population of Nigeria","Total","Persons","2015","4373221"
"Zamfara","Population of Nigeria","Total","Persons","2016","4515427"
"Zamfara","Projected Population of Nigeria","Male","Persons","2007","1694155"
"Zamfara","Projected Population of Nigeria","Male","Persons","2008","1748368"
"Zamfara","Projected Population of Nigeria","Male","Persons","2009","1804316"
"Zamfara","Projected Population of Nigeria","Female","Persons","2007","1689642"
"Zamfara","Projected Population of Nigeria","Female","Persons","2008","1743711"
"Zamfara","Projected Population of Nigeria","Female","Persons","2009","1799509"
"Zamfara","Projected Population of Nigeria","Total","Persons","2007","3383797"
"Zamfara","Projected Population of Nigeria","Total","Persons","2008","3492078"
"Zamfara","Projected Population of Nigeria","Total","Persons","2009","3603825"
